-- ============================================================
-- 004_seed.sql
-- 개발용 시드 데이터 — OneShot Crew
-- 적용 방법:
--   psql $DATABASE_URL -f supabase/migrations/004_seed.sql
--   또는 Supabase Dashboard > SQL Editor에 붙여넣기
-- 주의: 프로덕션 DB에 절대 실행 금지
-- ============================================================

-- 기존 시드 데이터 정리 (중복 방지)
DELETE FROM payouts WHERE project_id IN (
  'a1b2c3d4-0001-0000-0000-000000000001',
  'a1b2c3d4-0002-0000-0000-000000000002',
  'a1b2c3d4-0003-0000-0000-000000000003',
  'a1b2c3d4-0004-0000-0000-000000000004'
);
DELETE FROM schedule_votes WHERE schedule_date_id IN (
  SELECT id FROM schedule_dates WHERE project_id IN (
    'a1b2c3d4-0001-0000-0000-000000000001',
    'a1b2c3d4-0002-0000-0000-000000000002',
    'a1b2c3d4-0003-0000-0000-000000000003',
    'a1b2c3d4-0004-0000-0000-000000000004'
  )
);
DELETE FROM project_applications WHERE project_id IN (
  'a1b2c3d4-0001-0000-0000-000000000001',
  'a1b2c3d4-0002-0000-0000-000000000002',
  'a1b2c3d4-0003-0000-0000-000000000003',
  'a1b2c3d4-0004-0000-0000-000000000004'
);
DELETE FROM schedule_dates WHERE project_id IN (
  'a1b2c3d4-0001-0000-0000-000000000001',
  'a1b2c3d4-0002-0000-0000-000000000002',
  'a1b2c3d4-0003-0000-0000-000000000003',
  'a1b2c3d4-0004-0000-0000-000000000004'
);
DELETE FROM announcements WHERE id IN (
  'b1000000-0001-0000-0000-000000000001',
  'b1000000-0002-0000-0000-000000000002',
  'b1000000-0003-0000-0000-000000000003',
  'b1000000-0004-0000-0000-000000000004'
);
DELETE FROM projects WHERE id IN (
  'a1b2c3d4-0001-0000-0000-000000000001',
  'a1b2c3d4-0002-0000-0000-000000000002',
  'a1b2c3d4-0003-0000-0000-000000000003',
  'a1b2c3d4-0004-0000-0000-000000000004'
);
DELETE FROM crew_members WHERE id IN (
  'c0000000-0001-0000-0000-000000000001',
  'c0000000-0002-0000-0000-000000000002',
  'c0000000-0003-0000-0000-000000000003',
  'c0000000-0004-0000-0000-000000000004',
  'c0000000-0005-0000-0000-000000000005',
  'c0000000-0006-0000-0000-000000000006',
  'c0000000-0007-0000-0000-000000000007',
  'c0000000-0008-0000-0000-000000000008',
  'c0000000-0009-0000-0000-000000000009'
);
DELETE FROM users WHERE id IN (
  'd0000000-0001-0000-0000-000000000001',
  'd0000000-0002-0000-0000-000000000002',
  'd0000000-0003-0000-0000-000000000003',
  'd0000000-0004-0000-0000-000000000004',
  'd0000000-0005-0000-0000-000000000005',
  'd0000000-0006-0000-0000-000000000006',
  'd0000000-0007-0000-0000-000000000007',
  'd0000000-0008-0000-0000-000000000008',
  'd0000000-0009-0000-0000-000000000009'
);

-- ============================================================
-- 1. Users (9명)
-- ============================================================
INSERT INTO users (id, email, name, phone, role) VALUES
  ('d0000000-0001-0000-0000-000000000001', 'doyoon@oneshot.dev', '김도윤', '010-1001-0001', 'owner'),
  ('d0000000-0002-0000-0000-000000000002', 'seo@oneshot.dev', '이서연', '010-1001-0002', 'admin'),
  ('d0000000-0003-0000-0000-000000000003', 'jiwoo@oneshot.dev', '박지우', '010-1001-0003', 'member'),
  ('d0000000-0004-0000-0000-000000000004', 'haneul@oneshot.dev', '최하늘', '010-1001-0004', 'member'),
  ('d0000000-0005-0000-0000-000000000005', 'yujin@oneshot.dev', '정유진', '010-1001-0005', 'member'),
  ('d0000000-0006-0000-0000-000000000006', 'sohee@oneshot.dev', '한소희', '010-1001-0006', 'member'),
  ('d0000000-0007-0000-0000-000000000007', 'minjae@oneshot.dev', '강민재', '010-1001-0007', 'member'),
  ('d0000000-0008-0000-0000-000000000008', 'yerin@oneshot.dev', '조예린', '010-1001-0008', 'member'),
  ('d0000000-0009-0000-0000-000000000009', 'siwoo@oneshot.dev', '윤시우', '010-1001-0009', 'member');

-- ============================================================
-- 2. Crew Members
-- ============================================================
INSERT INTO crew_members (id, user_id, name, stage_name, email, phone, role, position, contract_type, is_active, joined_month, joined_at) VALUES
  ('c0000000-0001-0000-0000-000000000001', 'd0000000-0001-0000-0000-000000000001', '김도윤', 'DOYOON', 'doyoon@oneshot.dev', '010-1001-0001', 'owner', '리더', 'contract', true, '2022-01', '2022-01-01T00:00:00Z'),
  ('c0000000-0002-0000-0000-000000000002', 'd0000000-0002-0000-0000-000000000002', '이서연', 'SEO', 'seo@oneshot.dev', '010-1001-0002', 'admin', '안무', 'contract', true, '2022-03', '2022-03-01T00:00:00Z'),
  ('c0000000-0003-0000-0000-000000000003', 'd0000000-0003-0000-0000-000000000003', '박지우', 'JIWOO', 'jiwoo@oneshot.dev', '010-1001-0003', 'member', '퍼포머', 'contract', true, '2023-05', '2023-05-01T00:00:00Z'),
  ('c0000000-0004-0000-0000-000000000004', 'd0000000-0004-0000-0000-000000000004', '최하늘', 'HANEUL', 'haneul@oneshot.dev', '010-1001-0004', 'member', '퍼포머', 'contract', true, '2023-05', '2023-05-01T00:00:00Z'),
  ('c0000000-0005-0000-0000-000000000005', 'd0000000-0005-0000-0000-000000000005', '정유진', 'YU-JIN', 'yujin@oneshot.dev', '010-1001-0005', 'member', '퍼포머', 'contract', true, '2024-02', '2024-02-01T00:00:00Z'),
  ('c0000000-0006-0000-0000-000000000006', 'd0000000-0006-0000-0000-000000000006', '한소희', 'SOHEE', 'sohee@oneshot.dev', '010-1001-0006', 'member', '퍼포머', 'non_contract', true, '2024-08', '2024-08-01T00:00:00Z'),
  ('c0000000-0007-0000-0000-000000000007', 'd0000000-0007-0000-0000-000000000007', '강민재', 'MINJAE', 'minjae@oneshot.dev', '010-1001-0007', 'member', '퍼포머', 'non_contract', true, '2024-08', '2024-08-01T00:00:00Z'),
  ('c0000000-0008-0000-0000-000000000008', 'd0000000-0008-0000-0000-000000000008', '조예린', 'YERIN', 'yerin@oneshot.dev', '010-1001-0008', 'member', '게스트', 'guest', true, '2025-11', '2025-11-01T00:00:00Z'),
  ('c0000000-0009-0000-0000-000000000009', 'd0000000-0009-0000-0000-000000000009', '윤시우', 'SIWOO', 'siwoo@oneshot.dev', '010-1001-0009', 'member', '퍼포머', 'contract', false, '2023-01', '2023-01-01T00:00:00Z');

-- ============================================================
-- 3. Projects (4개)
-- ============================================================
INSERT INTO projects (id, owner_id, title, description, status, type, venue, address, fee, max_participants, recruitment_end_at, schedule_undecided) VALUES
  (
    'a1b2c3d4-0001-0000-0000-000000000001',
    'd0000000-0001-0000-0000-000000000001',
    '원샷크루 5월 정기공연 〈FRAME〉',
    '원샷크루가 올해 처음 선보이는 정기공연. 총 3일 공연 + 2주 집중 연습 스케줄. 확정 멤버는 안무·무대·영상 연출에 모두 참여하게 됩니다.',
    'recruiting', 'paid_gig',
    '서울 성수 S팩토리 B홀',
    '서울 성동구 성수이로 123',
    350000, 12,
    '2026-04-28T23:59:59Z',
    false
  ),
  (
    'a1b2c3d4-0002-0000-0000-000000000002',
    'd0000000-0001-0000-0000-000000000001',
    '브랜드 X 런칭 파티 퍼포먼스',
    '브랜드 런칭 이벤트 오프닝 퍼포먼스. 6명 고정.',
    'in_progress', 'paid_gig',
    '강남 L호텔 그랜드볼룸',
    '서울 강남구 테헤란로 450',
    500000, 6,
    '2026-04-14T23:59:59Z',
    false
  ),
  (
    'a1b2c3d4-0003-0000-0000-000000000003',
    'd0000000-0001-0000-0000-000000000001',
    '4월 팀 정기연습',
    '주간 팀 연습. 계약멤버 필수 참여, 비계약 선택.',
    'in_progress', 'practice',
    '연남동 큐브 연습실 2호',
    '서울 마포구 연남로 30',
    -20000, NULL,
    '2026-04-22T23:59:59Z',
    false
  ),
  (
    'a1b2c3d4-0004-0000-0000-000000000004',
    'd0000000-0001-0000-0000-000000000001',
    '유니버시티 페스티벌 오픈콜',
    '대학 축제 투어. 오픈콜 방식으로 진행, 게스트 2명 영입 예정.',
    'recruiting', 'audition',
    '경기 일산 킨텍스 제2전시장',
    '경기 고양시 일산서구 킨텍스로 217',
    200000, 8,
    '2026-05-10T23:59:59Z',
    false
  );

-- ============================================================
-- 4. Schedule Dates
-- ============================================================

-- p1: 원샷크루 5월 정기공연
INSERT INTO schedule_dates (project_id, date, label, kind, sort_order) VALUES
  ('a1b2c3d4-0001-0000-0000-000000000001', '2026-05-15', '리허설', 'event', 0),
  ('a1b2c3d4-0001-0000-0000-000000000001', '2026-05-16', '본공연 1회차', 'event', 1),
  ('a1b2c3d4-0001-0000-0000-000000000001', '2026-05-17', '본공연 2회차', 'event', 2),
  ('a1b2c3d4-0001-0000-0000-000000000001', '2026-04-24', NULL, 'practice', 3),
  ('a1b2c3d4-0001-0000-0000-000000000001', '2026-04-26', NULL, 'practice', 4),
  ('a1b2c3d4-0001-0000-0000-000000000001', '2026-05-01', NULL, 'practice', 5),
  ('a1b2c3d4-0001-0000-0000-000000000001', '2026-05-03', NULL, 'practice', 6),
  ('a1b2c3d4-0001-0000-0000-000000000001', '2026-05-08', NULL, 'practice', 7),
  ('a1b2c3d4-0001-0000-0000-000000000001', '2026-05-10', NULL, 'practice', 8),
  ('a1b2c3d4-0001-0000-0000-000000000001', '2026-05-13', NULL, 'practice', 9);

-- p2: 브랜드 X
INSERT INTO schedule_dates (project_id, date, label, kind, sort_order) VALUES
  ('a1b2c3d4-0002-0000-0000-000000000002', '2026-04-29', '본행사', 'event', 0),
  ('a1b2c3d4-0002-0000-0000-000000000002', '2026-04-23', NULL, 'practice', 1),
  ('a1b2c3d4-0002-0000-0000-000000000002', '2026-04-25', NULL, 'practice', 2),
  ('a1b2c3d4-0002-0000-0000-000000000002', '2026-04-27', NULL, 'practice', 3);

-- p3: 4월 정기연습
INSERT INTO schedule_dates (project_id, date, label, kind, sort_order) VALUES
  ('a1b2c3d4-0003-0000-0000-000000000003', '2026-04-23', NULL, 'practice', 0),
  ('a1b2c3d4-0003-0000-0000-000000000003', '2026-04-30', NULL, 'practice', 1);

-- p4: 유니버시티 페스티벌
INSERT INTO schedule_dates (project_id, date, label, kind, sort_order) VALUES
  ('a1b2c3d4-0004-0000-0000-000000000004', '2026-06-06', '본무대', 'event', 0),
  ('a1b2c3d4-0004-0000-0000-000000000004', '2026-05-25', NULL, 'practice', 1),
  ('a1b2c3d4-0004-0000-0000-000000000004', '2026-05-28', NULL, 'practice', 2),
  ('a1b2c3d4-0004-0000-0000-000000000004', '2026-06-01', NULL, 'practice', 3),
  ('a1b2c3d4-0004-0000-0000-000000000004', '2026-06-04', NULL, 'practice', 4);

-- ============================================================
-- 5. Project Applications (지원자 시드)
-- ============================================================

-- p1 지원자
INSERT INTO project_applications (project_id, user_id, status, fee_agreement, score, memo, created_at) VALUES
  ('a1b2c3d4-0001-0000-0000-000000000001', 'd0000000-0003-0000-0000-000000000003', 'approved', 'yes', 9.2, '리허설 경험 다수', '2026-04-12T09:00:00Z'),
  ('a1b2c3d4-0001-0000-0000-000000000001', 'd0000000-0004-0000-0000-000000000004', 'approved', 'yes', 8.8, '안무 숙련도 높음', '2026-04-12T09:10:00Z'),
  ('a1b2c3d4-0001-0000-0000-000000000001', 'd0000000-0005-0000-0000-000000000005', 'pending',  'yes', 8.1, '', '2026-04-18T10:00:00Z'),
  ('a1b2c3d4-0001-0000-0000-000000000001', 'd0000000-0006-0000-0000-000000000006', 'pending',  'yes', 7.9, '5/16 오후 불가', '2026-04-19T11:00:00Z'),
  ('a1b2c3d4-0001-0000-0000-000000000001', 'd0000000-0007-0000-0000-000000000007', 'pending',  'yes', 7.4, '', '2026-04-20T10:00:00Z'),
  ('a1b2c3d4-0001-0000-0000-000000000001', 'd0000000-0008-0000-0000-000000000008', 'rejected', 'yes', 6.1, '일정 대부분 불가', '2026-04-20T11:00:00Z');

-- p2 지원자 (전원 approved)
INSERT INTO project_applications (project_id, user_id, status, fee_agreement, score, memo, created_at) VALUES
  ('a1b2c3d4-0002-0000-0000-000000000002', 'd0000000-0001-0000-0000-000000000001', 'approved', 'yes', 9.5, '디렉터', '2026-04-02T09:00:00Z'),
  ('a1b2c3d4-0002-0000-0000-000000000002', 'd0000000-0002-0000-0000-000000000002', 'approved', 'yes', 9.0, '안무 총괄', '2026-04-02T09:05:00Z'),
  ('a1b2c3d4-0002-0000-0000-000000000002', 'd0000000-0003-0000-0000-000000000003', 'approved', 'yes', 8.9, '', '2026-04-03T09:00:00Z'),
  ('a1b2c3d4-0002-0000-0000-000000000002', 'd0000000-0004-0000-0000-000000000004', 'approved', 'yes', 8.7, '', '2026-04-03T09:05:00Z'),
  ('a1b2c3d4-0002-0000-0000-000000000002', 'd0000000-0005-0000-0000-000000000005', 'approved', 'yes', 8.2, '', '2026-04-04T09:00:00Z'),
  ('a1b2c3d4-0002-0000-0000-000000000002', 'd0000000-0007-0000-0000-000000000007', 'approved', 'yes', 8.0, '', '2026-04-05T09:00:00Z');

-- p3 지원자
INSERT INTO project_applications (project_id, user_id, status, fee_agreement, score, memo, created_at) VALUES
  ('a1b2c3d4-0003-0000-0000-000000000003', 'd0000000-0001-0000-0000-000000000001', 'approved', 'yes', 0, '', '2026-04-01T09:00:00Z'),
  ('a1b2c3d4-0003-0000-0000-000000000003', 'd0000000-0002-0000-0000-000000000002', 'approved', 'yes', 0, '', '2026-04-01T09:05:00Z'),
  ('a1b2c3d4-0003-0000-0000-000000000003', 'd0000000-0003-0000-0000-000000000003', 'approved', 'yes', 0, '', '2026-04-02T09:00:00Z'),
  ('a1b2c3d4-0003-0000-0000-000000000003', 'd0000000-0004-0000-0000-000000000004', 'approved', 'yes', 0, '', '2026-04-02T09:05:00Z'),
  ('a1b2c3d4-0003-0000-0000-000000000003', 'd0000000-0005-0000-0000-000000000005', 'approved', 'yes', 0, '', '2026-04-02T09:10:00Z'),
  ('a1b2c3d4-0003-0000-0000-000000000003', 'd0000000-0009-0000-0000-000000000009', 'rejected', 'yes', 0, '장기 휴식', '2026-04-02T09:15:00Z');

-- ============================================================
-- 6. Payouts (approved 지원자 기반 자동 생성)
-- ============================================================

-- p1 approved: m3(9.2), m4(8.8) → fee=350000
INSERT INTO payouts (project_id, application_id, user_id, amount, status, created_by)
SELECT
  pa.project_id,
  pa.id,
  pa.user_id,
  ABS(p.fee),
  'pending',
  'd0000000-0001-0000-0000-000000000001'
FROM project_applications pa
JOIN projects p ON p.id = pa.project_id
WHERE pa.project_id = 'a1b2c3d4-0001-0000-0000-000000000001'
  AND pa.status = 'approved'
ON CONFLICT (application_id) DO NOTHING;

-- p2 approved: 6명 → fee=500000
INSERT INTO payouts (project_id, application_id, user_id, amount, status, scheduled_at, created_by)
SELECT
  pa.project_id,
  pa.id,
  pa.user_id,
  ABS(p.fee),
  'scheduled',
  '2026-04-29',
  'd0000000-0001-0000-0000-000000000001'
FROM project_applications pa
JOIN projects p ON p.id = pa.project_id
WHERE pa.project_id = 'a1b2c3d4-0002-0000-0000-000000000002'
  AND pa.status = 'approved'
ON CONFLICT (application_id) DO NOTHING;

-- p3 approved: 연습이라 fee=-20000 (참가비), amount = 20000
INSERT INTO payouts (project_id, application_id, user_id, amount, status, created_by)
SELECT
  pa.project_id,
  pa.id,
  pa.user_id,
  ABS(p.fee),
  'pending',
  'd0000000-0001-0000-0000-000000000001'
FROM project_applications pa
JOIN projects p ON p.id = pa.project_id
WHERE pa.project_id = 'a1b2c3d4-0003-0000-0000-000000000003'
  AND pa.status = 'approved'
ON CONFLICT (application_id) DO NOTHING;

-- ============================================================
-- 7. Announcements (4개)
-- ============================================================
INSERT INTO announcements (id, author_id, title, body, scope, project_id, pinned, created_at) VALUES
  (
    'b1000000-0001-0000-0000-000000000001',
    'd0000000-0001-0000-0000-000000000001',
    '5월 정기공연 〈FRAME〉 — 지원 & 가용성 제출 요청',
    '5월 정기공연 지원 마감은 4/28입니다. 가용성도 함께 제출해주세요. 연습 스케줄은 4/24부터 시작됩니다.',
    'team', NULL, true,
    '2026-04-20T10:00:00Z'
  ),
  (
    'b1000000-0002-0000-0000-000000000002',
    'd0000000-0002-0000-0000-000000000002',
    '[긴급] 4/23 연습실 변경 안내',
    '4/23 연습은 큐브 연습실 2호 → 3호로 변경되었습니다. 시간 동일 (20:00~23:00).',
    'team', NULL, true,
    '2026-04-21T08:00:00Z'
  ),
  (
    'b1000000-0003-0000-0000-000000000003',
    'd0000000-0001-0000-0000-000000000001',
    '4월 정산 프로세스 시작',
    '4월 정산 검토가 시작되었습니다. 멤버별 확인 부탁드립니다.',
    'team', NULL, false,
    '2026-04-18T14:00:00Z'
  ),
  (
    'b1000000-0004-0000-0000-000000000004',
    'd0000000-0002-0000-0000-000000000002',
    '브랜드 X 공연 — 최종 드레스 코드',
    '올블랙 + 실버 액세서리. 신발은 지급 예정.',
    'project',
    'a1b2c3d4-0002-0000-0000-000000000002',
    false,
    '2026-04-15T16:00:00Z'
  );

-- ============================================================
-- 8. Schedule Votes (VOTES_SEED 기반 — 박지우 m3 의 상세 vote)
-- ============================================================

-- 박지우(m3)의 p1 가용성 (schedule_dates의 id를 직접 참조 불가하므로 서브쿼리 사용)
INSERT INTO schedule_votes (schedule_date_id, user_id, status, time_slots, note)
SELECT sd.id, 'd0000000-0003-0000-0000-000000000003',
  CASE sd.date
    WHEN '2026-04-24' THEN 'available'
    WHEN '2026-04-26' THEN 'available'
    WHEN '2026-05-01' THEN 'maybe'
    WHEN '2026-05-03' THEN 'available'
    WHEN '2026-05-15' THEN 'available'
    WHEN '2026-05-16' THEN 'available'
    WHEN '2026-05-17' THEN 'available'
    ELSE 'available'
  END,
  CASE sd.date
    WHEN '2026-04-24' THEN '[{"start":"20:00","end":"23:00"}]'::jsonb
    WHEN '2026-04-26' THEN '[{"start":"19:00","end":"22:00"}]'::jsonb
    WHEN '2026-05-01' THEN '[{"start":"21:00","end":"23:00"}]'::jsonb
    WHEN '2026-05-03' THEN '[{"start":"14:00","end":"18:00"}]'::jsonb
    ELSE '[]'::jsonb
  END,
  NULL
FROM schedule_dates sd
WHERE sd.project_id = 'a1b2c3d4-0001-0000-0000-000000000001'
ON CONFLICT (schedule_date_id, user_id) DO NOTHING;
